offset,seed,n_estimators,avg_f1
0.5,1409,100,0.560462609125795
0.5,1409,150,0.5577704806382139
0.5,1255,250,0.5572942300245829
0.5,1255,150,0.5552100505952349
0.5,1262,200,0.5540067572507384
0.5,1297,300,0.5524260330655052
0.5,1262,150,0.5520442147831839
0.5,1255,300,0.5512209915215693
0.5,1255,200,0.5511590313167465
0.5,1262,250,0.5497023798094665
0.5,1269,200,0.5486756744162048
0.5,1395,150,0.5481261467965448
0.5,1297,150,0.5473726954907556
0.5,1402,300,0.5465919421940477
0.5,1269,150,0.5464842843563174
0.5,1395,200,0.5462986665758912
0.5,1269,250,0.5462632966729807
0.5,1395,300,0.5459255703538466
0.5,1409,200,0.5459122243759508
0.5,1262,300,0.5458023662206358
0.5,1297,200,0.5454392685377931
0.5,1437,50,0.5452754056924792
0.5,1297,250,0.544632216462525
0.5,1402,250,0.5439623408636757
0.5,1262,100,0.5437620939895718
0.5,1395,250,0.543132890541803
0.5,1388,250,0.5428783683472087
0.5,1437,300,0.5418337514126048
0.5,1388,300,0.5416189023420425
0.5,1255,100,0.5414772235919555
0.5,1409,50,0.5414113127227766
0.5,1402,200,0.5404926172178425
0.5,1269,300,0.5403662281980539
0.5,1248,300,0.5403090045094221
0.5,1423,250,0.5397854812730583
0.5,1409,300,0.5385424771101774
0.5,1248,250,0.5379292824653595
0.5,1423,300,0.5375321720428932
0.5,1332,25,0.5370822825295644
0.5,1290,100,0.5366176434567771
0.5,1437,250,0.536025263011174
0.5,1437,200,0.5348863129134747
0.5,1437,100,0.5347886189206648
0.5,1409,250,0.5343147169168747
0.5,1437,150,0.5341179910432956
0.5,1367,250,0.5339942506672923
0.5,1416,300,0.5338257887639788
0.5,1395,100,0.5336358254970167
0.5,1374,100,0.533515137009746
0.5,1290,300,0.5333518641660577
0.5,1248,100,0.5332367646667457
0.5,1311,250,0.5330305494025228
0.5,1290,250,0.5326898344300784
0.5,1353,300,0.5326885003152316
0.5,1402,150,0.5325753627664008
0.5,1423,200,0.5320832213242465
0.5,1332,100,0.5320232968278569
0.5,1290,200,0.5315903573241514
0.5,1248,50,0.5315832265994913
0.5,1332,300,0.5311786488498673
0.5,1374,50,0.5310200285244674
0.5,1388,200,0.5301148399595946
0.5,1248,150,0.5299762224647014
0.5,1367,200,0.5291712491378188
0.5,1367,300,0.5288991093541618
0.5,1374,150,0.5287911782907819
0.5,1332,250,0.528162097325631
0.5,1367,150,0.5278505232301425
0.5,1374,25,0.5277289017168603
0.5,1437,25,0.5271292448318652
0.5,1332,200,0.5271284037189694
0.5,1430,300,0.5270315456364404
0.5,1374,250,0.5269554682623385
0.5,1346,150,0.5266723290034433
0.5,1374,200,0.5266655384173509
0.5,1248,200,0.5264850149265559
0.5,1430,250,0.5262976880895287
0.5,1346,300,0.5262332165065591
0.5,1353,250,0.5261460162066451
0.5,1423,150,0.5259870389939663
0.5,1388,50,0.5259470554475716
0.5,1416,200,0.5258296793385521
0.5,1374,300,0.5257604879605716
0.5,1234,250,0.5255479144799987
0.5,1297,100,0.525424638722555
0.5,1346,200,0.525238173548684
0.5,1311,300,0.5250936344658408
0.5,1395,50,0.5250123540765305
0.5,1318,300,0.5248969962393566
0.5,1255,50,0.5248923293341555
0.5,1430,200,0.5248847266268031
0.5,1346,250,0.5247120149392325
0.5,1318,250,0.5243763074253843
0.5,1416,250,0.5243673961695626
0.5,1360,250,0.5238652017456886
0.5,1430,50,0.5237919628198494
0.5,1234,300,0.5229395433115798
0.5,1262,50,0.5226924771607491
0.5,1311,200,0.5218482542312545
0.5,1290,150,0.5215868923160241
0.5,1311,100,0.5215663442515156
0.5,1360,200,0.5212728683014014
0.5,1353,150,0.5210537038403544
0.5,1325,300,0.5207822230815038
0.5,1325,250,0.5206890362333401
0.5,1283,300,0.5205053389675711
0.5,1353,200,0.5201978329612423
0.5,1339,300,0.5200243504942181
0.5,1360,300,0.5198507778093198
0.5,1360,150,0.5197960403687356
0.5,1234,200,0.5196820670316649
0.5,1318,200,0.5196572633553552
0.5,1304,300,0.5196055673913367
0.5,1339,250,0.5190482035706421
0.5,1241,50,0.5188185958924234
0.5,1311,150,0.518708038851301
0.5,1353,25,0.5179687910242594
0.5,1430,100,0.517819005625211
0.5,1269,100,0.5175754451029319
0.5,1402,50,0.5174247683926291
0.5,1367,100,0.5172863115289792
0.5,1339,200,0.5170564876141379
0.5,1423,25,0.5164843580817792
0.5,1353,100,0.5162616065476096
0.5,1276,300,0.5157365551339117
0.5,1283,150,0.5155444389434993
0.5,1332,150,0.5154292891696866
0.5,1269,50,0.5148388670473635
0.5,1346,100,0.5146145119585288
0.5,1381,300,0.5143296481933148
0.5,1234,150,0.514316987709568
0.5,1283,200,0.5138361481402637
0.5,1318,100,0.5133147134501671
0.5,1409,25,0.5129397804292142
0.5,1430,150,0.5128650631992322
0.5,1276,150,0.5126500360674406
0.5,1423,50,0.5124162243457381
0.5,1283,250,0.5122546004164754
0.5,1297,50,0.5121706608791502
0.5,1381,50,0.5121613040714565
0.5,1339,150,0.5121163819245531
0.5,1360,100,0.5121160408329148
0.5,1402,100,0.5117492652126621
0.5,1325,200,0.5116028611259382
0.5,1416,150,0.5113150667233738
0.5,1332,50,0.5106890209739536
0.5,1241,250,0.5103866601885882
0.5,1381,250,0.5101056007291482
0.5,1423,100,0.5098395265947536
0.5,1255,25,0.5097314314146274
0.5,1318,150,0.5096579192089067
0.5,1381,100,0.5096019387145538
0.5,1325,150,0.5091822896728841
0.5,1381,150,0.5084301130058737
0.5,1241,25,0.5082237090179953
0.5,1248,25,0.5078392023247832
0.5,1339,50,0.5078024019210364
0.5,1241,300,0.5076559104667854
0.5,1430,25,0.5070052611298113
0.5,1395,25,0.5065931816459914
0.5,1388,100,0.5064446989382738
0.5,1388,150,0.5063788653990297
0.5,1241,100,0.5061218131774485
0.5,1304,50,0.5058960501551866
0.5,1241,200,0.5056098227405176
0.5,1283,25,0.5050293889528102
0.5,1304,250,0.504334084689922
0.5,1283,50,0.5042842367533451
0.5,1304,150,0.5042267507708391
0.5,1290,50,0.5042006810689637
0.5,1416,100,0.5040878812288572
0.5,1283,100,0.5036963517406663
0.5,1304,200,0.5031069273257491
0.5,1276,250,0.5027601202371953
0.5,1241,150,0.5026681609965931
0.5,1367,50,0.502303435189979
0.5,1276,100,0.5014469558966971
0.5,1339,100,0.5012171718557411
0.5,1353,50,0.5012001629372844
0.5,1381,200,0.5006657199046829
0.5,1269,25,0.4999628322928416
0.5,1402,25,0.4995837901507108
0.5,1381,25,0.4986761246270689
0.5,1276,200,0.49688293015561297
0.5,1304,100,0.4964021638488626
0.5,1346,50,0.4955416818841318
0.5,1339,25,0.4950916871986065
0.5,1416,25,0.4943973946175565
0.5,1262,25,0.4928331070279562
0.5,1367,25,0.49282015745717844
0.5,1388,25,0.4918369968323855
0.5,1416,50,0.49164776606805927
0.5,1318,50,0.4912803463814198
0.5,1325,100,0.49120986614103507
0.5,1297,25,0.4911488834518119
0.5,1311,50,0.48749160132147357
0.5,1360,50,0.4863258374513248
0.5,1234,100,0.4845322226484051
0.5,1276,50,0.4829277495297271
0.5,1304,25,0.4813178995480002
0.5,1290,25,0.48116753277906527
0.5,1325,50,0.4733022135087138
0.5,1325,25,0.47290004093713484
0.5,1318,25,0.4708096880408993
0.5,1346,25,0.46652584492273075
0.5,1311,25,0.4661554358330241
0.5,1360,25,0.4624380835150069
0.5,1234,50,0.4601254321881707
0.5,1276,25,0.4411664976763022
0.5,1234,25,0.4330849208926536
0.6,1430,25,0.22193843591124612
0.6,1318,25,0.2169233071904158
0.4,1332,25,0.21083681963816256
0.4,1416,25,0.2080429864818391
0.6,1283,25,0.2072895991756128
0.4,1437,50,0.20566542843631724
0.4,1374,25,0.2037198918540008
0.4,1339,25,0.20280941607454034
0.4,1423,25,0.20118256478330956
0.4,1332,50,0.20029922255102667
0.4,1416,50,0.1996137872415797
0.6,1409,25,0.19798970814953196
0.4,1402,25,0.19793337153727028
0.4,1283,25,0.19740488520416627
0.4,1381,100,0.1972209131249673
0.6,1332,25,0.1968599919863343
0.4,1339,50,0.19546405522490312
0.4,1262,25,0.19544969700083575
0.4,1423,50,0.19514111339510526
0.4,1283,50,0.19512740822706265
0.4,1409,25,0.19512415556953336
0.4,1395,25,0.19506766459678454
0.4,1269,25,0.19466732733064146
0.4,1325,25,0.19465988175188564
0.4,1416,100,0.19458665015611057
0.4,1367,25,0.19457243154501067
0.4,1367,50,0.19427880032116712
0.4,1409,50,0.19393353031984933
0.4,1234,250,0.19381109696787352
0.4,1381,150,0.19378126608754154
0.4,1367,100,0.19339206842150394
0.4,1430,25,0.19336327155707642
0.4,1437,25,0.19306152759361273
0.6,1416,25,0.19254270797696388
0.4,1367,150,0.19228036126535858
0.4,1332,100,0.19220975979760432
0.4,1234,200,0.19211409100211468
0.4,1381,50,0.19192169944540438
0.4,1269,50,0.19178361560450913
0.4,1437,150,0.19158218224675405
0.4,1325,50,0.19150952811127003
0.4,1416,200,0.19147663565351536
0.4,1262,50,0.19133268956853206
0.4,1437,100,0.19129306762288878
0.4,1388,50,0.19113652698474626
0.4,1437,200,0.19092710452197886
0.4,1353,100,0.19075339408638325
0.4,1234,300,0.1907199503055935
0.4,1318,50,0.19061458606127535
0.4,1297,25,0.1904689927511412
0.4,1234,100,0.19036958273381127
0.4,1262,150,0.18973464242193078
0.4,1248,50,0.18967192549418724
0.4,1318,100,0.18947796003207318
0.4,1395,200,0.18937982320053215
0.4,1374,50,0.1892524166165212
0.4,1346,200,0.18876276668239206
0.4,1290,50,0.18876152706129418
0.4,1437,300,0.18864409792622222
0.4,1262,200,0.18863698601216003
0.4,1346,150,0.18863343366452467
0.4,1283,100,0.18861151153217254
0.4,1381,200,0.1882042819514558
0.4,1318,200,0.18812827850049493
0.4,1346,250,0.1879286398682053
0.4,1402,50,0.18791628903850535
0.4,1262,250,0.18784090110877055
0.4,1234,150,0.18778347514260343
0.4,1346,300,0.18777764039443287
0.4,1269,200,0.187669361265707
0.4,1395,150,0.1876686558520279
0.4,1353,25,0.187611381077816
0.4,1311,25,0.1875893032377391
0.4,1416,250,0.1874278877955624
0.4,1374,100,0.1870987701039602
0.6,1332,150,0.18705752840749995
0.4,1367,200,0.18704774653333206
0.4,1353,150,0.1870390178388936
0.4,1437,250,0.18701684699873256
0.4,1297,50,0.18697685364554334
0.4,1318,150,0.18692254366489286
0.4,1318,250,0.18685224594696823
0.4,1374,300,0.18676911593987447
0.4,1269,300,0.18658284779602602
0.4,1353,50,0.18656509494829443
0.4,1318,25,0.18651181303128814
0.4,1423,100,0.18644339647946626
0.4,1360,100,0.18643224886942358
0.4,1402,150,0.18638098958931598
0.4,1241,300,0.18627688405500958
0.4,1262,300,0.18625098364428613
0.4,1416,150,0.1861815923129906
0.4,1416,300,0.18617074219784513
0.4,1276,50,0.1860973486345304
0.4,1353,250,0.18599597341781093
0.4,1346,100,0.18585730170673015
0.4,1325,100,0.1856934902892941
0.6,1353,25,0.18568219349110976
0.4,1276,100,0.18567964002689372
0.4,1297,150,0.18567445415311654
0.4,1339,100,0.18567108978284272
0.4,1367,300,0.1854252533011222
0.4,1276,150,0.18530667154400912
0.4,1409,150,0.18526749970998238
0.4,1353,300,0.1852642017801442
0.4,1255,200,0.18526239486579751
0.4,1402,200,0.1850851607353752
0.4,1269,100,0.18503661861895648
0.4,1374,150,0.18499609764586683
0.4,1262,100,0.18498765445740586
0.4,1297,100,0.18497388568797052
0.4,1381,300,0.18496204119594167
0.4,1339,300,0.18489311208005937
0.4,1255,300,0.18486931179990443
0.4,1395,300,0.1848553633613879
0.4,1381,250,0.18480602611169789
0.4,1255,100,0.18466669116260204
0.4,1311,300,0.1846482314973869
0.4,1269,250,0.18458235599232284
0.4,1332,150,0.18454686477841054
0.4,1241,250,0.1845088432238352
0.4,1276,300,0.1844851146066341
0.4,1430,50,0.184464129100121
0.4,1297,300,0.1844595967828177
0.4,1234,50,0.18445411493592523
0.4,1409,300,0.18440568485294534
0.4,1402,300,0.18437934345803977
0.4,1395,250,0.18433078204209036
0.4,1388,300,0.18424760242419064
0.4,1255,250,0.18423559807854878
0.6,1332,50,0.1842336267323962
0.4,1248,150,0.1842141298681446
0.4,1409,250,0.18418453550105524
0.4,1388,25,0.18415934107317877
0.4,1367,250,0.18415423509083623
0.4,1339,150,0.18415213769914346
0.4,1388,200,0.18414378746567622
0.4,1248,100,0.18406290793511346
0.4,1318,300,0.18406104272486346
0.4,1304,300,0.18401956454156085
0.4,1430,200,0.18399949796878873
0.4,1353,200,0.1839366793012465
0.4,1304,250,0.1839016579437629
0.4,1276,250,0.1837627408697501
0.4,1388,250,0.18370587807302824
0.4,1395,50,0.1836475456658768
0.4,1430,150,0.18364397972385763
0.4,1395,100,0.1836161909128079
0.4,1283,300,0.18357769979589092
0.4,1283,200,0.18348776321504004
0.4,1374,250,0.18347049896140658
0.4,1269,150,0.18346685650052397
0.4,1409,200,0.18343840926578567
0.4,1248,200,0.18334213164716445
0.4,1409,100,0.1833255173832286
0.4,1374,200,0.18328994830673087
0.4,1388,100,0.18323959965866715
0.4,1339,200,0.18322653617494403
0.6,1283,50,0.1831748530857092
0.4,1339,250,0.18315413313778137
0.4,1290,300,0.1831452907474981
0.4,1430,100,0.1830420733789504
0.4,1423,300,0.18300824051520637
0.4,1311,250,0.1829259823009123
0.4,1297,250,0.18288316434688284
0.4,1402,250,0.18285279542769553
0.4,1248,250,0.1827661037684905
0.4,1311,200,0.18273567214516614
0.4,1332,200,0.18271793481999932
0.4,1430,300,0.18262463715126662
0.4,1423,250,0.18253180108875058
0.4,1255,25,0.1824820748615259
0.4,1276,25,0.1824053048501528
0.4,1283,250,0.18233550359950923
0.4,1283,150,0.18232812478519375
0.4,1290,250,0.18231751176082867
0.4,1248,300,0.18231393271727964
0.4,1311,150,0.18230155260623
0.4,1297,200,0.18225636623904234
0.4,1423,150,0.18210403627120025
0.4,1290,100,0.1821039800522442
0.4,1332,300,0.1820815509985603
0.4,1276,200,0.18201613417350399
0.4,1430,250,0.18198551993843454
0.4,1388,150,0.181847866041913
0.4,1241,150,0.18167046531782902
0.4,1325,300,0.18163713695114597
0.4,1255,150,0.18162303945632755
0.4,1290,25,0.18153714193811718
0.4,1360,150,0.18146685163541904
0.4,1402,100,0.18136612568148164
0.4,1332,250,0.18118312488261937
0.4,1360,300,0.1811575951037207
0.4,1241,200,0.18115388613899247
0.4,1311,100,0.1810498595415427
0.4,1241,100,0.18094547378656384
0.4,1325,250,0.18085937092428514
0.4,1325,150,0.18057468208266453
0.4,1423,200,0.18054079729016714
0.4,1304,200,0.18025512178144273
0.6,1332,100,0.18019311015779035
0.4,1360,50,0.18009361538203295
0.4,1360,250,0.18005637596663587
0.4,1241,50,0.18001338605452705
0.4,1325,200,0.17991369185256342
0.4,1360,200,0.17977728842260837
0.6,1255,25,0.1796561524279107
0.6,1346,25,0.17962025212389465
0.4,1346,50,0.17959199056310626
0.4,1304,150,0.1793510809455109
0.4,1255,50,0.17925541985472954
0.4,1290,200,0.17918435437332692
0.4,1304,100,0.17892440145073119
0.4,1346,25,0.17868661273152248
0.6,1353,50,0.17860350730133495
0.6,1409,50,0.1784438368648895
0.4,1304,25,0.178419607525035
0.6,1332,200,0.1783204400359549
0.4,1290,150,0.17829583490755702
0.4,1304,50,0.17821933393444953
0.6,1395,100,0.17820216514405063
0.4,1241,25,0.1776669851342672
0.4,1234,25,0.17669354634702877
0.4,1311,50,0.17658535764314184
0.6,1297,25,0.17653035885211849
0.4,1381,25,0.17633426243585354
0.6,1318,100,0.17628364765108068
0.4,1248,25,0.17588479378731772
0.4,1360,25,0.17441164187647223
0.6,1395,150,0.17372656155674812
0.6,1367,25,0.1725035782231313
0.6,1255,50,0.17102697682195858
0.6,1332,300,0.17036912508091492
0.6,1325,50,0.17027709708080724
0.6,1276,25,0.17008573146888137
0.6,1332,250,0.16947249240119627
0.6,1318,50,0.16890786723727397
0.6,1276,150,0.16852379601824602
0.6,1304,25,0.16793880506074305
0.6,1395,200,0.16714447481915798
0.6,1353,100,0.1658421922679434
0.6,1423,150,0.16441755831035182
0.6,1430,100,0.16410513092384477
0.6,1311,25,0.16410452310711268
0.6,1283,150,0.16378056497397303
0.6,1318,300,0.16362033482883157
0.6,1325,100,0.1634695544172863
0.6,1276,100,0.16311571177004974
0.6,1416,150,0.16282120836924946
0.6,1318,250,0.16162486391728914
0.6,1395,25,0.1607642874965042
0.6,1241,25,0.16041813855093184
0.6,1325,25,0.1602450921434271
0.6,1395,250,0.15992739592420846
0.6,1290,250,0.1598283938230851
0.6,1318,200,0.15962611142244282
0.6,1290,50,0.15898249018175764
0.6,1255,100,0.1588948663275021
0.6,1395,50,0.15862506135584228
0.6,1325,300,0.15810640431590997
0.6,1325,250,0.15800199836462503
0.6,1423,50,0.1579407392834503
0.6,1416,100,0.15771520967879232
0.6,1262,25,0.1576762364102722
0.6,1325,150,0.15725023239737201
0.6,1290,25,0.15703310178432733
0.6,1283,250,0.1563094789634845
0.6,1423,200,0.1559758761099473
0.6,1353,250,0.15575453938393663
0.6,1325,200,0.15556101364211014
0.1,1388,25,0.1550374024921774
0.3,1381,25,0.1550374024921774
0.2,1381,25,0.1550374024921774
0.1,1381,25,0.1550374024921774
0.1,1423,100,0.1550374024921774
0.3,1234,150,0.1550374024921774
0.2,1234,150,0.1550374024921774
0.2,1388,25,0.1550374024921774
0.3,1437,100,0.1550374024921774
0.2,1248,150,0.1550374024921774
0.1,1248,150,0.1550374024921774
0.3,1374,200,0.1550374024921774
0.2,1374,200,0.1550374024921774
0.1,1374,200,0.1550374024921774
0.3,1367,200,0.1550374024921774
0.2,1367,200,0.1550374024921774
0.1,1367,200,0.1550374024921774
0.1,1234,150,0.1550374024921774
0.2,1395,200,0.1550374024921774
0.1,1395,200,0.1550374024921774
0.3,1416,200,0.1550374024921774
0.2,1416,200,0.1550374024921774
0.1,1416,200,0.1550374024921774
0.3,1409,200,0.1550374024921774
0.2,1409,200,0.1550374024921774
0.3,1416,100,0.1550374024921774
0.1,1381,200,0.1550374024921774
0.2,1430,100,0.1550374024921774
0.1,1430,100,0.1550374024921774
0.3,1423,100,0.1550374024921774
0.2,1388,200,0.1550374024921774
0.1,1388,200,0.1550374024921774
0.3,1381,200,0.1550374024921774
0.2,1381,200,0.1550374024921774
0.2,1437,100,0.1550374024921774
0.3,1388,25,0.1550374024921774
0.3,1430,100,0.1550374024921774
0.2,1255,150,0.1550374024921774
0.1,1255,150,0.1550374024921774
0.3,1248,150,0.1550374024921774
0.2,1262,50,0.1550374024921774
0.1,1262,50,0.1550374024921774
0.3,1339,200,0.1550374024921774
0.2,1339,200,0.1550374024921774
0.1,1339,200,0.1550374024921774
0.3,1332,200,0.1550374024921774
0.1,1437,100,0.1550374024921774
0.1,1332,200,0.1550374024921774
0.3,1269,150,0.1550374024921774
0.2,1269,150,0.1550374024921774
0.1,1269,150,0.1550374024921774
0.3,1262,150,0.1550374024921774
0.2,1262,150,0.1550374024921774
0.1,1262,150,0.1550374024921774
0.3,1346,200,0.1550374024921774
0.2,1346,200,0.1550374024921774
0.2,1332,200,0.1550374024921774
0.3,1395,200,0.1550374024921774
0.3,1241,150,0.1550374024921774
0.3,1276,50,0.1550374024921774
0.2,1276,50,0.1550374024921774
0.1,1276,50,0.1550374024921774
0.3,1269,50,0.1550374024921774
0.3,1388,200,0.1550374024921774
0.1,1346,200,0.1550374024921774
0.3,1395,25,0.1550374024921774
0.3,1255,150,0.1550374024921774
0.1,1395,25,0.1550374024921774
0.3,1360,200,0.1550374024921774
0.2,1360,200,0.1550374024921774
0.1,1360,200,0.1550374024921774
0.3,1353,200,0.1550374024921774
0.2,1353,200,0.1550374024921774
0.1,1353,200,0.1550374024921774
0.2,1241,150,0.1550374024921774
0.1,1241,150,0.1550374024921774
0.2,1395,25,0.1550374024921774
0.1,1269,250,0.1550374024921774
0.3,1262,250,0.1550374024921774
0.2,1262,250,0.1550374024921774
0.1,1262,250,0.1550374024921774
0.1,1388,100,0.1550374024921774
0.3,1381,100,0.1550374024921774
0.2,1381,100,0.1550374024921774
0.1,1381,100,0.1550374024921774
0.1,1402,200,0.1550374024921774
0.3,1234,250,0.1550374024921774
0.2,1234,250,0.1550374024921774
0.1,1234,250,0.1550374024921774
0.3,1255,250,0.1550374024921774
0.2,1255,250,0.1550374024921774
0.1,1255,250,0.1550374024921774
0.3,1248,250,0.1550374024921774
0.2,1248,250,0.1550374024921774
0.1,1248,250,0.1550374024921774
0.1,1241,250,0.1550374024921774
0.2,1276,250,0.1550374024921774
0.1,1276,250,0.1550374024921774
0.3,1353,25,0.1550374024921774
0.2,1353,25,0.1550374024921774
0.1,1353,25,0.1550374024921774
0.3,1346,25,0.1550374024921774
0.2,1346,25,0.1550374024921774
0.1,1346,25,0.1550374024921774
0.3,1290,250,0.1550374024921774
0.2,1269,250,0.1550374024921774
0.1,1374,100,0.1550374024921774
0.3,1297,50,0.1550374024921774
0.1,1395,100,0.1550374024921774
0.2,1367,25,0.1550374024921774
0.1,1367,25,0.1550374024921774
0.3,1360,25,0.1550374024921774
0.2,1360,25,0.1550374024921774
0.1,1360,25,0.1550374024921774
0.3,1269,250,0.1550374024921774
0.2,1290,250,0.1550374024921774
0.2,1241,250,0.1550374024921774
0.2,1423,100,0.1550374024921774
0.1,1409,200,0.1550374024921774
0.3,1423,200,0.1550374024921774
0.3,1374,25,0.1550374024921774
0.2,1374,25,0.1550374024921774
0.1,1374,25,0.1550374024921774
0.3,1367,25,0.1550374024921774
0.2,1423,200,0.1550374024921774
0.3,1374,100,0.1550374024921774
0.3,1290,50,0.1550374024921774
0.2,1290,50,0.1550374024921774
0.1,1290,50,0.1550374024921774
0.3,1283,50,0.1550374024921774
0.2,1283,50,0.1550374024921774
0.1,1283,50,0.1550374024921774
0.3,1402,200,0.1550374024921774
0.2,1402,200,0.1550374024921774
0.2,1402,300,0.1550374024921774
0.3,1402,100,0.1550374024921774
0.2,1374,100,0.1550374024921774
0.2,1402,100,0.1550374024921774
0.1,1402,100,0.1550374024921774
0.3,1395,100,0.1550374024921774
0.2,1395,100,0.1550374024921774
0.1,1423,200,0.1550374024921774
0.3,1437,200,0.1550374024921774
0.2,1437,200,0.1550374024921774
0.1,1437,200,0.1550374024921774
0.3,1241,250,0.1550374024921774
0.2,1430,200,0.1550374024921774
0.1,1430,200,0.1550374024921774
0.3,1388,100,0.1550374024921774
0.2,1388,100,0.1550374024921774
0.2,1416,100,0.1550374024921774
0.1,1416,100,0.1550374024921774
0.3,1409,100,0.1550374024921774
0.2,1409,100,0.1550374024921774
0.1,1409,100,0.1550374024921774
0.3,1430,200,0.1550374024921774
0.2,1416,150,0.1550374024921774
0.1,1416,150,0.1550374024921774
0.3,1430,25,0.1550374024921774
0.2,1430,25,0.1550374024921774
0.1,1430,25,0.1550374024921774
0.3,1423,25,0.1550374024921774
0.3,1430,150,0.1550374024921774
0.3,1346,150,0.1550374024921774
0.3,1409,25,0.1550374024921774
0.1,1346,150,0.1550374024921774
0.3,1339,150,0.1550374024921774
0.2,1234,50,0.1550374024921774
0.1,1234,50,0.1550374024921774
0.3,1437,25,0.1550374024921774
0.2,1437,25,0.1550374024921774
0.1,1437,25,0.1550374024921774
0.3,1395,150,0.1550374024921774
0.3,1409,150,0.1550374024921774
0.2,1346,150,0.1550374024921774
0.2,1430,150,0.1550374024921774
0.1,1430,150,0.1550374024921774
0.3,1234,200,0.1550374024921774
0.2,1234,200,0.1550374024921774
0.1,1234,200,0.1550374024921774
0.3,1437,150,0.1550374024921774
0.2,1437,150,0.1550374024921774
0.1,1437,150,0.1550374024921774
0.2,1318,150,0.1550374024921774
0.3,1416,150,0.1550374024921774
0.3,1332,150,0.1550374024921774
0.2,1332,150,0.1550374024921774
0.1,1332,150,0.1550374024921774
0.3,1325,150,0.1550374024921774
0.2,1325,150,0.1550374024921774
0.2,1353,150,0.1550374024921774
0.3,1423,150,0.1550374024921774
0.2,1423,150,0.1550374024921774
0.1,1423,150,0.1550374024921774
0.1,1318,150,0.1550374024921774
0.3,1353,150,0.1550374024921774
0.2,1381,150,0.1550374024921774
0.1,1381,150,0.1550374024921774
0.3,1402,300,0.1550374024921774
0.3,1423,300,0.1550374024921774
0.1,1402,300,0.1550374024921774
0.3,1395,300,0.1550374024921774
0.2,1395,300,0.1550374024921774
0.1,1395,300,0.1550374024921774
0.2,1409,150,0.1550374024921774
0.2,1416,300,0.1550374024921774
0.1,1416,300,0.1550374024921774
0.3,1409,300,0.1550374024921774
0.2,1409,300,0.1550374024921774
0.1,1409,300,0.1550374024921774
0.3,1416,300,0.1550374024921774
0.3,1367,50,0.1550374024921774
0.2,1367,50,0.1550374024921774
0.1,1367,50,0.1550374024921774
0.3,1388,300,0.1550374024921774
0.1,1409,150,0.1550374024921774
0.3,1402,150,0.1550374024921774
0.2,1402,150,0.1550374024921774
0.1,1402,150,0.1550374024921774
0.1,1339,150,0.1550374024921774
0.3,1241,50,0.1550374024921774
0.2,1241,50,0.1550374024921774
0.1,1241,50,0.1550374024921774
0.1,1423,300,0.1550374024921774
0.3,1241,25,0.1550374024921774
0.3,1248,25,0.1550374024921774
0.2,1248,25,0.1550374024921774
0.1,1248,25,0.1550374024921774
0.3,1437,300,0.1550374024921774
0.2,1437,300,0.1550374024921774
0.1,1437,300,0.1550374024921774
0.3,1430,300,0.1550374024921774
0.2,1430,300,0.1550374024921774
0.1,1430,300,0.1550374024921774
0.1,1255,25,0.1550374024921774
0.3,1297,200,0.1550374024921774
0.3,1283,150,0.1550374024921774
0.2,1283,150,0.1550374024921774
0.1,1283,150,0.1550374024921774
0.3,1276,150,0.1550374024921774
0.2,1276,150,0.1550374024921774
0.1,1276,150,0.1550374024921774
0.2,1297,200,0.1550374024921774
0.2,1339,150,0.1550374024921774
0.3,1311,200,0.1550374024921774
0.3,1304,150,0.1550374024921774
0.3,1276,200,0.1550374024921774
0.2,1276,200,0.1550374024921774
0.1,1276,200,0.1550374024921774
0.3,1269,200,0.1550374024921774
0.2,1269,200,0.1550374024921774
0.1,1269,200,0.1550374024921774
0.3,1290,200,0.1550374024921774
0.1,1297,200,0.1550374024921774
0.2,1409,25,0.1550374024921774
0.1,1409,25,0.1550374024921774
0.3,1402,25,0.1550374024921774
0.2,1402,25,0.1550374024921774
0.1,1402,25,0.1550374024921774
0.2,1311,200,0.1550374024921774
0.1,1311,200,0.1550374024921774
0.3,1325,200,0.1550374024921774
0.2,1325,200,0.1550374024921774
0.1,1304,200,0.1550374024921774
0.3,1318,200,0.1550374024921774
0.2,1318,200,0.1550374024921774
0.1,1318,200,0.1550374024921774
0.3,1262,50,0.1550374024921774
0.3,1290,150,0.1550374024921774
0.2,1283,200,0.1550374024921774
0.1,1283,200,0.1550374024921774
0.3,1304,200,0.1550374024921774
0.2,1304,200,0.1550374024921774
0.1,1325,200,0.1550374024921774
0.3,1311,150,0.1550374024921774
0.2,1311,150,0.1550374024921774
0.1,1311,150,0.1550374024921774
0.1,1325,150,0.1550374024921774
0.3,1248,200,0.1550374024921774
0.2,1248,200,0.1550374024921774
0.1,1248,200,0.1550374024921774
0.3,1241,200,0.1550374024921774
0.2,1241,200,0.1550374024921774
0.2,1290,200,0.1550374024921774
0.2,1304,150,0.1550374024921774
0.1,1304,150,0.1550374024921774
0.3,1255,50,0.1550374024921774
0.2,1255,50,0.1550374024921774
0.1,1255,50,0.1550374024921774
0.3,1248,50,0.1550374024921774
0.2,1248,50,0.1550374024921774
0.1,1248,50,0.1550374024921774
0.3,1318,150,0.1550374024921774
0.1,1241,200,0.1550374024921774
0.1,1290,200,0.1550374024921774
0.3,1283,200,0.1550374024921774
0.2,1269,50,0.1550374024921774
0.1,1269,50,0.1550374024921774
0.3,1297,150,0.1550374024921774
0.2,1297,150,0.1550374024921774
0.1,1297,150,0.1550374024921774
0.3,1262,200,0.1550374024921774
0.2,1262,200,0.1550374024921774
0.1,1290,150,0.1550374024921774
0.3,1255,200,0.1550374024921774
0.2,1255,200,0.1550374024921774
0.1,1255,200,0.1550374024921774
0.2,1423,25,0.1550374024921774
0.1,1423,25,0.1550374024921774
0.3,1416,25,0.1550374024921774
0.2,1416,25,0.1550374024921774
0.1,1416,25,0.1550374024921774
0.2,1290,150,0.1550374024921774
0.1,1262,200,0.1550374024921774
0.2,1430,50,0.1550374024921774
0.1,1430,50,0.1550374024921774
0.3,1423,50,0.1550374024921774
0.2,1423,50,0.1550374024921774
0.1,1423,50,0.1550374024921774
0.1,1339,300,0.1550374024921774
0.2,1276,300,0.1550374024921774
0.1,1304,300,0.1550374024921774
0.3,1276,250,0.1550374024921774
0.2,1297,300,0.1550374024921774
0.1,1297,300,0.1550374024921774
0.3,1290,300,0.1550374024921774
0.2,1290,300,0.1550374024921774
0.3,1283,25,0.1550374024921774
0.2,1283,25,0.1550374024921774
0.1,1283,25,0.1550374024921774
0.3,1346,50,0.1550374024921774
0.2,1346,50,0.1550374024921774
0.3,1297,300,0.1550374024921774
0.2,1402,50,0.1550374024921774
0.3,1416,50,0.1550374024921774
0.2,1416,50,0.1550374024921774
0.1,1416,50,0.1550374024921774
0.3,1409,50,0.1550374024921774
0.2,1409,50,0.1550374024921774
0.1,1409,50,0.1550374024921774
0.1,1325,300,0.1550374024921774
0.3,1339,300,0.1550374024921774
0.3,1430,50,0.1550374024921774
0.2,1437,50,0.1550374024921774
0.3,1304,300,0.1550374024921774
0.2,1304,300,0.1550374024921774
0.3,1318,300,0.1550374024921774
0.2,1318,300,0.1550374024921774
0.1,1318,300,0.1550374024921774
0.3,1311,300,0.1550374024921774
0.2,1311,300,0.1550374024921774
0.1,1311,300,0.1550374024921774
0.3,1276,25,0.1550374024921774
0.3,1325,50,0.1550374024921774
0.1,1262,300,0.1550374024921774
0.3,1297,25,0.1550374024921774
0.2,1297,25,0.1550374024921774
0.1,1297,25,0.1550374024921774
0.3,1290,25,0.1550374024921774
0.2,1290,25,0.1550374024921774
0.1,1290,25,0.1550374024921774
0.1,1276,300,0.1550374024921774
0.1,1346,50,0.1550374024921774
0.2,1269,300,0.1550374024921774
0.1,1269,300,0.1550374024921774
0.3,1437,50,0.1550374024921774
0.2,1255,100,0.1550374024921774
0.1,1255,100,0.1550374024921774
0.3,1241,300,0.1550374024921774
0.2,1241,300,0.1550374024921774
0.1,1241,300,0.1550374024921774
0.3,1234,300,0.1550374024921774
0.3,1269,300,0.1550374024921774
0.3,1339,50,0.1550374024921774
0.2,1339,50,0.1550374024921774
0.1,1339,50,0.1550374024921774
0.3,1248,100,0.1550374024921774
0.2,1248,100,0.1550374024921774
0.1,1248,100,0.1550374024921774
0.3,1262,300,0.1550374024921774
0.2,1262,300,0.1550374024921774
0.1,1290,300,0.1550374024921774
0.1,1332,50,0.1550374024921774
0.2,1283,300,0.1550374024921774
0.1,1283,300,0.1550374024921774
0.1,1437,50,0.1550374024921774
0.2,1241,100,0.1550374024921774
0.1,1241,100,0.1550374024921774
0.3,1234,100,0.1550374024921774
0.2,1234,100,0.1550374024921774
0.1,1234,100,0.1550374024921774
0.3,1276,300,0.1550374024921774
0.3,1283,300,0.1550374024921774
0.3,1360,150,0.1550374024921774
0.2,1360,150,0.1550374024921774
0.1,1360,150,0.1550374024921774
0.3,1381,150,0.1550374024921774
0.2,1423,300,0.1550374024921774
0.3,1262,25,0.1550374024921774
0.2,1262,25,0.1550374024921774
0.1,1262,25,0.1550374024921774
0.3,1402,50,0.1550374024921774
0.2,1388,300,0.1550374024921774
0.1,1388,300,0.1550374024921774
0.3,1381,300,0.1550374024921774
0.2,1381,300,0.1550374024921774
0.1,1381,300,0.1550374024921774
0.2,1360,50,0.1550374024921774
0.1,1360,50,0.1550374024921774
0.3,1381,50,0.1550374024921774
0.2,1381,50,0.1550374024921774
0.3,1255,25,0.1550374024921774
0.3,1374,150,0.1550374024921774
0.2,1374,150,0.1550374024921774
0.3,1360,50,0.1550374024921774
0.2,1255,25,0.1550374024921774
0.1,1241,25,0.1550374024921774
0.2,1241,25,0.1550374024921774
0.1,1234,25,0.1550374024921774
0.2,1234,25,0.1550374024921774
0.3,1234,25,0.1550374024921774
0.1,1367,150,0.1550374024921774
0.1,1374,150,0.1550374024921774
0.3,1367,150,0.1550374024921774
0.2,1395,150,0.1550374024921774
0.1,1395,150,0.1550374024921774
0.3,1388,150,0.1550374024921774
0.2,1388,150,0.1550374024921774
0.1,1388,150,0.1550374024921774
0.1,1353,150,0.1550374024921774
0.2,1367,150,0.1550374024921774
0.3,1234,50,0.1550374024921774
0.3,1269,25,0.1550374024921774
0.2,1269,25,0.1550374024921774
0.1,1269,25,0.1550374024921774
0.2,1339,300,0.1550374024921774
0.3,1353,300,0.1550374024921774
0.2,1353,300,0.1550374024921774
0.1,1353,300,0.1550374024921774
0.3,1346,300,0.1550374024921774
0.2,1346,300,0.1550374024921774
0.1,1381,50,0.1550374024921774
0.2,1388,50,0.1550374024921774
0.1,1388,50,0.1550374024921774
0.3,1353,50,0.1550374024921774
0.2,1353,50,0.1550374024921774
0.3,1332,300,0.1550374024921774
0.2,1332,300,0.1550374024921774
0.1,1332,300,0.1550374024921774
0.3,1325,300,0.1550374024921774
0.2,1325,300,0.1550374024921774
0.1,1346,300,0.1550374024921774
0.3,1374,50,0.1550374024921774
0.3,1374,300,0.1550374024921774
0.1,1353,50,0.1550374024921774
0.3,1367,300,0.1550374024921774
0.2,1367,300,0.1550374024921774
0.1,1367,300,0.1550374024921774
0.3,1360,300,0.1550374024921774
0.2,1360,300,0.1550374024921774
0.1,1360,300,0.1550374024921774
0.1,1276,25,0.1550374024921774
0.1,1374,50,0.1550374024921774
0.1,1402,50,0.1550374024921774
0.3,1395,50,0.1550374024921774
0.2,1395,50,0.1550374024921774
0.1,1395,50,0.1550374024921774
0.3,1388,50,0.1550374024921774
0.2,1374,300,0.1550374024921774
0.1,1374,300,0.1550374024921774
0.2,1276,25,0.1550374024921774
0.2,1374,50,0.1550374024921774
0.1,1332,100,0.1550374024921774
0.3,1325,100,0.1550374024921774
0.2,1325,100,0.1550374024921774
0.1,1325,100,0.1550374024921774
0.1,1360,250,0.1550374024921774
0.3,1332,25,0.1550374024921774
0.2,1332,25,0.1550374024921774
0.2,1346,100,0.1550374024921774
0.2,1234,300,0.1550374024921774
0.1,1325,250,0.1550374024921774
0.3,1339,250,0.1550374024921774
0.2,1339,250,0.1550374024921774
0.1,1339,250,0.1550374024921774
0.3,1332,250,0.1550374024921774
0.2,1332,250,0.1550374024921774
0.1,1332,250,0.1550374024921774
0.3,1339,100,0.1550374024921774
0.3,1311,50,0.1550374024921774
0.1,1346,100,0.1550374024921774
0.1,1374,250,0.1550374024921774
0.3,1367,250,0.1550374024921774
0.2,1367,250,0.1550374024921774
0.1,1367,250,0.1550374024921774
0.3,1304,100,0.1550374024921774
0.3,1318,100,0.1550374024921774
0.2,1318,100,0.1550374024921774
0.1,1318,100,0.1550374024921774
0.3,1311,100,0.1550374024921774
0.2,1332,100,0.1550374024921774
0.1,1311,100,0.1550374024921774
0.3,1360,250,0.1550374024921774
0.3,1353,250,0.1550374024921774
0.2,1353,250,0.1550374024921774
0.1,1353,250,0.1550374024921774
0.3,1346,250,0.1550374024921774
0.2,1346,250,0.1550374024921774
0.1,1346,250,0.1550374024921774
0.3,1332,100,0.1550374024921774
0.2,1311,100,0.1550374024921774
0.2,1297,50,0.1550374024921774
0.1,1297,50,0.1550374024921774
0.1,1290,250,0.1550374024921774
0.3,1304,250,0.1550374024921774
0.2,1304,250,0.1550374024921774
0.1,1304,250,0.1550374024921774
0.3,1297,250,0.1550374024921774
0.2,1297,250,0.1550374024921774
0.1,1297,250,0.1550374024921774
0.2,1311,50,0.1550374024921774
0.2,1367,100,0.1550374024921774
0.1,1367,100,0.1550374024921774
0.3,1360,100,0.1550374024921774
0.2,1360,100,0.1550374024921774
0.1,1360,100,0.1550374024921774
0.3,1318,250,0.1550374024921774
0.3,1283,250,0.1550374024921774
0.2,1283,250,0.1550374024921774
0.1,1283,250,0.1550374024921774
0.3,1367,100,0.1550374024921774
0.1,1311,50,0.1550374024921774
0.3,1304,50,0.1550374024921774
0.2,1304,50,0.1550374024921774
0.1,1304,50,0.1550374024921774
0.2,1318,250,0.1550374024921774
0.1,1318,250,0.1550374024921774
0.3,1311,250,0.1550374024921774
0.2,1311,250,0.1550374024921774
0.1,1311,250,0.1550374024921774
0.3,1346,100,0.1550374024921774
0.3,1339,25,0.1550374024921774
0.2,1339,25,0.1550374024921774
0.1,1339,25,0.1550374024921774
0.2,1325,250,0.1550374024921774
0.2,1339,100,0.1550374024921774
0.1,1339,100,0.1550374024921774
0.3,1353,100,0.1550374024921774
0.2,1353,100,0.1550374024921774
0.1,1353,100,0.1550374024921774
0.3,1325,250,0.1550374024921774
0.3,1255,100,0.1550374024921774
0.1,1276,100,0.1550374024921774
0.3,1269,100,0.1550374024921774
0.2,1269,100,0.1550374024921774
0.1,1269,100,0.1550374024921774
0.2,1437,250,0.1550374024921774
0.1,1437,250,0.1550374024921774
0.3,1416,250,0.1550374024921774
0.1,1325,25,0.1550374024921774
0.1,1416,250,0.1550374024921774
0.3,1409,250,0.1550374024921774
0.2,1409,250,0.1550374024921774
0.1,1409,250,0.1550374024921774
0.3,1430,250,0.1550374024921774
0.2,1430,250,0.1550374024921774
0.1,1430,250,0.1550374024921774
0.3,1423,250,0.1550374024921774
0.3,1262,100,0.1550374024921774
0.2,1416,250,0.1550374024921774
0.1,1234,300,0.1550374024921774
0.3,1255,300,0.1550374024921774
0.2,1255,300,0.1550374024921774
0.1,1255,300,0.1550374024921774
0.3,1248,300,0.1550374024921774
0.2,1248,300,0.1550374024921774
0.1,1248,300,0.1550374024921774
0.3,1241,100,0.1550374024921774
0.1,1262,100,0.1550374024921774
0.1,1304,25,0.1550374024921774
0.2,1332,50,0.1550374024921774
0.1,1283,100,0.1550374024921774
0.2,1423,250,0.1550374024921774
0.1,1423,250,0.1550374024921774
0.3,1437,250,0.1550374024921774
0.2,1311,25,0.1550374024921774
0.1,1311,25,0.1550374024921774
0.3,1304,25,0.1550374024921774
0.2,1304,25,0.1550374024921774
0.3,1332,50,0.1550374024921774
0.2,1360,250,0.1550374024921774
0.1,1388,250,0.1550374024921774
0.3,1381,250,0.1550374024921774
0.2,1381,250,0.1550374024921774
0.1,1381,250,0.1550374024921774
0.3,1374,250,0.1550374024921774
0.2,1374,250,0.1550374024921774
0.3,1318,25,0.1550374024921774
0.2,1318,25,0.1550374024921774
0.2,1262,100,0.1550374024921774
0.3,1311,25,0.1550374024921774
0.3,1290,100,0.1550374024921774
0.2,1325,50,0.1550374024921774
0.1,1325,50,0.1550374024921774
0.3,1318,50,0.1550374024921774
0.2,1318,50,0.1550374024921774
0.1,1332,25,0.1550374024921774
0.3,1325,25,0.1550374024921774
0.2,1325,25,0.1550374024921774
0.1,1318,25,0.1550374024921774
0.2,1290,100,0.1550374024921774
0.1,1290,100,0.1550374024921774
0.3,1283,100,0.1550374024921774
0.2,1283,100,0.1550374024921774
0.1,1318,50,0.1550374024921774
0.3,1388,250,0.1550374024921774
0.2,1388,250,0.1550374024921774
0.3,1402,250,0.1550374024921774
0.2,1402,250,0.1550374024921774
0.1,1395,250,0.1550374024921774
0.3,1395,250,0.1550374024921774
0.2,1395,250,0.1550374024921774
0.3,1276,100,0.1550374024921774
0.2,1276,100,0.1550374024921774
0.2,1304,100,0.1550374024921774
0.1,1304,100,0.1550374024921774
0.3,1297,100,0.1550374024921774
0.2,1297,100,0.1550374024921774
0.1,1297,100,0.1550374024921774
0.1,1402,250,0.1550374024921774
0.6,1283,100,0.15473587882312906
0.6,1283,200,0.1547255520026731
0.6,1318,150,0.15415199908396676
0.6,1353,200,0.15387611237953372
0.6,1416,200,0.15387490551872998
0.6,1416,50,0.15308647291405914
0.6,1234,250,0.1528447381097552
0.6,1276,200,0.15250457518361873
0.6,1290,300,0.15236708326559842
0.6,1416,300,0.15234246946439728
0.6,1276,250,0.15227630615697832
0.6,1423,100,0.15185741754825915
0.6,1430,250,0.1517862858362165
0.6,1367,100,0.1514791774403396
0.6,1339,300,0.15124956033486653
0.6,1388,150,0.1511365323604493
0.6,1381,250,0.1510939229803327
0.6,1409,150,0.15106074104768813
0.6,1381,200,0.1509369950034399
0.6,1353,300,0.1505436770303766
0.6,1367,300,0.15029506694302502
0.6,1430,150,0.15027975198181953
0.6,1290,100,0.15018284719046862
0.6,1234,50,0.15005304146502996
0.6,1353,150,0.14962965726649635
0.6,1395,300,0.14946942108281053
0.6,1283,300,0.14922958151388138
0.6,1381,100,0.14871678819880982
0.6,1241,150,0.14856169428392352
0.6,1416,250,0.14845752470032184
0.6,1269,25,0.14830244191407313
0.6,1430,300,0.14824545202696465
0.6,1367,50,0.14800458356945473
0.6,1402,150,0.14797540567079887
0.6,1381,300,0.14778117548902164
0.6,1304,200,0.14766690055980708
0.6,1304,100,0.14765852829426085
0.6,1339,250,0.14764502761094417
0.6,1430,50,0.14760007311380088
0.6,1290,200,0.14728278921062646
0.6,1234,300,0.14709092143156877
0.6,1430,200,0.1470465924356556
0.6,1276,300,0.14699469171480858
0.6,1367,150,0.146992920488529
0.6,1248,50,0.1468997325660783
0.6,1241,300,0.1468374067134059
0.6,1423,300,0.1459879450841856
0.6,1423,25,0.1459673734938131
0.6,1388,200,0.1459627555788349
0.6,1276,50,0.14587443608030332
0.6,1409,100,0.14575885531283642
0.6,1346,300,0.14562333781997036
0.6,1304,250,0.1454514659877507
0.6,1409,200,0.14535246362724658
0.6,1437,50,0.14523251430800335
0.6,1241,200,0.1451390973225149
0.6,1241,250,0.14504878882722708
0.6,1367,250,0.14504410834526577
0.6,1234,200,0.1449726387137573
0.6,1360,25,0.14473009302916828
0.6,1304,50,0.14406567035861456
0.6,1423,250,0.14390920563512338
0.6,1255,200,0.1436287936314373
0.6,1269,50,0.14320455692551737
0.6,1241,100,0.14306985525470353
0.6,1234,100,0.14292589454933574
0.6,1388,300,0.14225580605820948
0.6,1255,150,0.14211719890797667
0.6,1437,300,0.14201783021932107
0.6,1402,200,0.14196574234145626
0.6,1367,200,0.14175307021074082
0.6,1304,150,0.14169866957776364
0.6,1437,25,0.14153802007734356
0.6,1374,250,0.14152414421449955
0.6,1297,50,0.14148216421303664
0.6,1388,100,0.14131962177844545
0.6,1255,250,0.14049594230022763
0.6,1248,25,0.14047853076492714
0.6,1437,100,0.14036472570730066
0.6,1304,300,0.14030743431669834
0.6,1402,300,0.1401082749036204
0.6,1381,150,0.13959015463089433
0.6,1290,150,0.13945113223954916
0.6,1360,200,0.13943547458425745
0.6,1234,150,0.1393346389952838
0.6,1269,150,0.13839966462342593
0.6,1388,250,0.13838771065083216
0.6,1409,300,0.138360583915125
0.6,1269,300,0.13834641548927262
0.6,1409,250,0.1381005774149625
0.6,1269,100,0.13773834640067484
0.6,1297,100,0.1375096927233398
0.6,1255,300,0.13652183492710074
0.6,1297,300,0.13635419151719128
0.6,1262,250,0.1362863318150979
0.6,1437,250,0.1362578269860418
0.6,1269,250,0.13623428590367398
0.6,1269,200,0.13621482747083954
0.6,1374,300,0.13613902853988652
0.6,1374,200,0.13560793772680768
0.6,1262,50,0.13528919742559115
0.6,1437,200,0.13483924610356332
0.6,1437,150,0.13482423769910098
0.6,1346,250,0.1346700927181482
0.6,1311,100,0.13465424977593352
0.6,1297,250,0.1345593322283067
0.6,1360,300,0.13417352068466612
0.6,1311,200,0.13405200783075527
0.6,1360,100,0.1338852178230999
0.6,1360,150,0.1325551363394739
0.6,1311,150,0.13245259571774498
0.6,1311,300,0.13237961857409833
0.6,1360,250,0.1321458646628282
0.6,1241,50,0.131841620360761
0.6,1248,100,0.1317057405024435
0.6,1339,50,0.13167907156205388
0.6,1248,300,0.13097452766090434
0.6,1248,250,0.13087232960747133
0.6,1248,150,0.1308112158127685
0.6,1297,200,0.13070425107060257
0.6,1381,50,0.13050214341695485
0.6,1339,200,0.12920465225131414
0.6,1360,50,0.12916219232768417
0.6,1402,250,0.12904230296029898
0.6,1346,200,0.12891216349778334
0.6,1297,150,0.12866428661668056
0.6,1374,25,0.12789735979976088
0.6,1374,150,0.12786604523691586
0.6,1374,100,0.1278410933211122
0.6,1339,150,0.1269930342447877
0.6,1262,200,0.12676025421782078
0.6,1346,50,0.12586705497588008
0.6,1402,25,0.12548280761579994
0.6,1248,200,0.1254020605404101
0.6,1311,250,0.12539235641742513
0.6,1311,50,0.125055184142469
0.6,1262,150,0.1250194726507479
0.6,1374,50,0.1233430587174031
0.6,1262,300,0.12325720502182155
0.6,1346,100,0.12309926816332901
0.6,1402,100,0.12306696684879777
0.6,1346,150,0.12278744983248749
0.6,1402,50,0.11988104618615296
0.6,1339,100,0.11940145973444735
0.6,1234,25,0.11826937830752667
0.6,1339,25,0.11659846868401003
0.6,1381,25,0.11580388047681119
0.6,1262,100,0.11334077226276204
0.6,1388,50,0.10569570210296635
0.6,1388,25,0.09728954920597344
0.7,1346,25,0.010695187165775402
0.7,1430,25,0.008613775065387968
0.7,1423,25,0.008613775065387968
0.7,1304,25,0.008613775065387968
0.7,1409,50,0.008579150135127365
0.7,1395,25,0.008545140885566417
0.7,1332,25,0.006463237430979367
0.7,1367,25,0.0064516129032258064
0.7,1409,25,0.0064516129032258064
0.7,1409,100,0.006440237028472323
0.7,1367,50,0.006440237028472323
0.7,1367,100,0.006440237028472323
0.7,1262,25,0.006440237028472323
0.7,1283,25,0.004324324324324324
0.7,1409,200,0.004312699796570765
0.7,1276,50,0.004312699796570765
0.7,1318,25,0.004312699796570765
0.7,1297,50,0.004312699796570765
0.7,1248,50,0.004312699796570765
0.7,1311,25,0.004312699796570765
0.7,1325,25,0.004312699796570765
0.7,1409,150,0.004312699796570765
0.7,1241,25,0.004301075268817204
0.7,1276,25,0.0042780748663101605
0.7,1353,50,0.0042780748663101605
0.7,1423,50,0.0042780748663101605
0.7,1395,50,0.0042780748663101605
0.7,1395,150,0.0042780748663101605
0.7,1423,100,0.0042780748663101605
0.7,1353,100,0.0042780748663101605
0.7,1395,250,0.0042780748663101605
0.7,1395,100,0.0042780748663101605
0.7,1395,200,0.0042780748663101605
0.7,1381,50,0.002162162162162162
0.7,1437,250,0.002162162162162162
0.7,1332,50,0.002162162162162162
0.7,1367,150,0.002162162162162162
0.7,1367,200,0.002162162162162162
0.7,1437,100,0.002162162162162162
0.7,1381,25,0.002162162162162162
0.7,1416,100,0.002162162162162162
0.7,1416,200,0.002162162162162162
0.7,1304,50,0.002162162162162162
0.7,1367,250,0.002162162162162162
0.7,1416,150,0.002162162162162162
0.7,1437,50,0.002162162162162162
0.7,1416,50,0.002162162162162162
0.7,1367,300,0.002162162162162162
0.7,1276,100,0.002162162162162162
0.7,1395,300,0.002150537634408602
0.7,1388,50,0.002150537634408602
0.7,1437,25,0.002150537634408602
0.7,1325,50,0.002150537634408602
0.7,1388,150,0.002150537634408602
0.7,1430,50,0.002150537634408602
0.7,1430,150,0.002150537634408602
0.7,1353,150,0.002150537634408602
0.7,1234,25,0.002150537634408602
0.7,1318,50,0.002150537634408602
0.7,1297,100,0.002150537634408602
0.7,1388,100,0.002150537634408602
0.7,1353,25,0.002150537634408602
0.7,1290,50,0.002150537634408602
0.7,1325,100,0.002150537634408602
0.7,1430,100,0.002150537634408602
0.7,1283,50,0.002150537634408602
0.7,1269,50,0.002150537634408602
0.7,1248,25,0.002150537634408602
1.0,1430,300,0.0
0.9,1248,25,0.0
0.8,1248,25,0.0
1.0,1241,25,0.0
1.0,1395,300,0.0
0.9,1395,300,0.0
0.8,1395,300,0.0
0.7,1381,150,0.0
1.0,1346,150,0.0
1.0,1360,150,0.0
0.9,1360,150,0.0
0.8,1360,150,0.0
0.7,1360,150,0.0
0.8,1409,300,0.0
0.7,1409,300,0.0
1.0,1402,300,0.0
0.9,1402,300,0.0
0.8,1402,300,0.0
0.7,1402,300,0.0
1.0,1367,50,0.0
0.8,1255,50,0.0
0.7,1255,50,0.0
1.0,1269,150,0.0
0.9,1269,150,0.0
0.7,1283,150,0.0
1.0,1276,150,0.0
0.9,1276,150,0.0
0.8,1276,150,0.0
0.7,1276,150,0.0
0.7,1311,200,0.0
1.0,1402,25,0.0
0.9,1402,25,0.0
0.8,1374,150,0.0
0.7,1374,150,0.0
1.0,1367,150,0.0
0.9,1367,150,0.0
0.8,1241,150,0.0
0.7,1241,150,0.0
1.0,1262,150,0.0
0.9,1262,150,0.0
0.8,1262,150,0.0
0.8,1318,200,0.0
0.7,1318,200,0.0
1.0,1311,200,0.0
0.8,1255,150,0.0
0.7,1255,150,0.0
1.0,1262,50,0.0
0.9,1262,50,0.0
0.8,1262,50,0.0
0.7,1262,50,0.0
1.0,1255,50,0.0
0.9,1255,50,0.0
0.9,1395,25,0.0
0.8,1395,25,0.0
1.0,1388,25,0.0
0.9,1388,25,0.0
0.8,1388,25,0.0
0.7,1388,25,0.0
1.0,1339,200,0.0
0.9,1311,200,0.0
0.8,1311,200,0.0
0.9,1339,200,0.0
0.8,1339,200,0.0
0.7,1339,200,0.0
1.0,1332,200,0.0
0.9,1332,200,0.0
0.8,1332,200,0.0
0.7,1332,200,0.0
0.7,1304,200,0.0
1.0,1297,200,0.0
0.9,1297,200,0.0
0.8,1297,200,0.0
1.0,1248,150,0.0
0.9,1248,150,0.0
0.8,1248,150,0.0
0.7,1248,150,0.0
1.0,1241,150,0.0
0.9,1241,150,0.0
0.7,1262,150,0.0
1.0,1255,150,0.0
0.9,1255,150,0.0
1.0,1325,200,0.0
0.9,1325,200,0.0
1.0,1395,25,0.0
1.0,1353,200,0.0
0.9,1353,200,0.0
0.8,1353,200,0.0
0.7,1353,200,0.0
1.0,1346,200,0.0
0.9,1346,200,0.0
0.8,1346,200,0.0
0.8,1402,25,0.0
0.7,1402,25,0.0
0.8,1325,200,0.0
0.7,1325,200,0.0
1.0,1318,200,0.0
0.9,1318,200,0.0
1.0,1304,200,0.0
0.9,1304,200,0.0
0.8,1304,200,0.0
0.7,1381,200,0.0
1.0,1374,200,0.0
0.9,1374,200,0.0
0.8,1374,200,0.0
0.7,1374,200,0.0
0.8,1388,200,0.0
0.7,1346,200,0.0
1.0,1367,200,0.0
0.9,1367,200,0.0
0.8,1367,200,0.0
1.0,1360,200,0.0
0.9,1360,200,0.0
0.8,1360,200,0.0
0.8,1276,50,0.0
1.0,1269,50,0.0
0.9,1269,50,0.0
0.9,1283,200,0.0
0.8,1283,200,0.0
0.7,1283,200,0.0
1.0,1297,150,0.0
0.9,1297,150,0.0
0.9,1234,150,0.0
0.8,1234,150,0.0
0.7,1234,150,0.0
1.0,1437,100,0.0
0.9,1437,100,0.0
0.8,1437,100,0.0
0.8,1269,50,0.0
0.7,1360,200,0.0
1.0,1381,200,0.0
0.9,1381,200,0.0
0.8,1381,200,0.0
0.9,1416,200,0.0
0.8,1416,200,0.0
0.7,1388,200,0.0
1.0,1381,25,0.0
0.9,1381,25,0.0
0.8,1381,25,0.0
1.0,1416,100,0.0
1.0,1234,150,0.0
0.7,1297,200,0.0
0.8,1269,150,0.0
0.7,1269,150,0.0
1.0,1283,150,0.0
0.9,1283,150,0.0
0.8,1283,150,0.0
0.7,1290,200,0.0
1.0,1283,200,0.0
1.0,1269,200,0.0
0.9,1430,100,0.0
0.8,1430,100,0.0
1.0,1423,100,0.0
0.9,1423,100,0.0
0.8,1423,100,0.0
1.0,1374,25,0.0
0.9,1374,25,0.0
0.9,1402,200,0.0
0.8,1402,200,0.0
0.7,1402,200,0.0
1.0,1395,200,0.0
0.9,1395,200,0.0
0.8,1395,200,0.0
1.0,1388,200,0.0
0.9,1388,200,0.0
1.0,1409,200,0.0
0.9,1409,200,0.0
0.8,1409,200,0.0
0.9,1276,50,0.0
1.0,1430,100,0.0
0.8,1297,150,0.0
0.7,1297,150,0.0
1.0,1290,150,0.0
0.9,1290,150,0.0
0.8,1290,150,0.0
0.7,1290,150,0.0
0.8,1262,200,0.0
1.0,1276,200,0.0
0.9,1276,200,0.0
0.8,1276,200,0.0
0.7,1276,200,0.0
1.0,1423,200,0.0
0.9,1423,200,0.0
1.0,1409,100,0.0
0.9,1409,100,0.0
0.8,1409,100,0.0
1.0,1402,200,0.0
0.8,1374,25,0.0
0.7,1374,25,0.0
1.0,1367,25,0.0
0.9,1367,25,0.0
0.8,1367,25,0.0
0.9,1416,100,0.0
0.8,1416,100,0.0
1.0,1283,50,0.0
0.9,1283,50,0.0
0.8,1283,50,0.0
0.8,1423,200,0.0
0.7,1423,200,0.0
1.0,1234,250,0.0
0.9,1234,250,0.0
0.8,1234,250,0.0
0.7,1234,250,0.0
1.0,1437,200,0.0
0.9,1437,200,0.0
0.8,1437,200,0.0
0.7,1437,200,0.0
1.0,1276,50,0.0
1.0,1416,200,0.0
1.0,1430,200,0.0
0.9,1430,200,0.0
0.8,1430,200,0.0
0.7,1430,200,0.0
0.8,1416,25,0.0
0.7,1416,25,0.0
1.0,1409,25,0.0
0.9,1409,25,0.0
0.8,1409,25,0.0
1.0,1311,150,0.0
0.9,1311,150,0.0
0.9,1395,100,0.0
0.8,1395,100,0.0
1.0,1388,100,0.0
0.9,1388,100,0.0
0.8,1388,100,0.0
1.0,1402,100,0.0
0.9,1402,100,0.0
0.8,1402,100,0.0
0.7,1402,100,0.0
0.7,1269,250,0.0
1.0,1248,250,0.0
0.9,1248,250,0.0
0.8,1248,250,0.0
0.7,1248,250,0.0
1.0,1241,250,0.0
0.9,1241,250,0.0
1.0,1395,100,0.0
0.9,1269,200,0.0
0.8,1269,200,0.0
0.7,1269,200,0.0
1.0,1290,200,0.0
0.9,1290,200,0.0
0.8,1290,200,0.0
1.0,1416,25,0.0
0.9,1416,25,0.0
0.7,1381,100,0.0
1.0,1374,100,0.0
0.9,1374,100,0.0
0.8,1374,100,0.0
0.8,1241,250,0.0
0.7,1241,250,0.0
0.8,1255,250,0.0
0.7,1255,250,0.0
1.0,1360,25,0.0
0.9,1360,25,0.0
0.8,1360,25,0.0
0.7,1360,25,0.0
1.0,1353,25,0.0
0.9,1353,25,0.0
0.8,1353,25,0.0
0.8,1269,250,0.0
0.8,1255,200,0.0
0.8,1276,250,0.0
0.7,1276,250,0.0
1.0,1269,250,0.0
0.9,1269,250,0.0
0.8,1290,250,0.0
0.7,1290,250,0.0
1.0,1262,250,0.0
0.9,1262,250,0.0
0.8,1262,250,0.0
0.7,1262,250,0.0
0.9,1367,100,0.0
0.8,1367,100,0.0
1.0,1381,100,0.0
0.9,1381,100,0.0
0.8,1381,100,0.0
0.9,1283,250,0.0
0.8,1283,250,0.0
0.7,1283,250,0.0
1.0,1276,250,0.0
0.9,1276,250,0.0
0.8,1311,150,0.0
0.7,1311,150,0.0
1.0,1304,150,0.0
0.9,1304,150,0.0
0.8,1304,150,0.0
0.7,1304,150,0.0
0.9,1234,200,0.0
0.8,1234,200,0.0
0.7,1262,200,0.0
1.0,1255,200,0.0
0.9,1255,200,0.0
0.8,1360,100,0.0
1.0,1346,25,0.0
0.9,1346,25,0.0
0.8,1346,25,0.0
0.9,1353,100,0.0
0.8,1353,100,0.0
1.0,1297,50,0.0
0.9,1297,50,0.0
0.8,1297,50,0.0
1.0,1290,50,0.0
0.9,1290,50,0.0
0.8,1290,50,0.0
1.0,1367,100,0.0
0.7,1374,100,0.0
1.0,1255,250,0.0
0.9,1255,250,0.0
0.8,1311,250,0.0
0.7,1311,250,0.0
1.0,1304,250,0.0
0.9,1304,250,0.0
1.0,1339,25,0.0
1.0,1283,250,0.0
0.8,1304,250,0.0
0.7,1304,250,0.0
1.0,1297,250,0.0
0.9,1297,250,0.0
0.8,1297,250,0.0
0.7,1297,250,0.0
0.8,1339,100,0.0
0.7,1339,100,0.0
1.0,1360,100,0.0
0.9,1360,100,0.0
0.8,1332,25,0.0
1.0,1346,100,0.0
0.9,1346,100,0.0
0.8,1346,100,0.0
0.7,1346,100,0.0
1.0,1339,100,0.0
0.9,1339,100,0.0
0.7,1360,100,0.0
1.0,1353,100,0.0
1.0,1290,250,0.0
0.9,1290,250,0.0
0.9,1318,250,0.0
0.8,1318,250,0.0
0.7,1318,250,0.0
1.0,1311,250,0.0
0.9,1311,250,0.0
0.8,1430,150,0.0
0.7,1248,200,0.0
1.0,1241,200,0.0
0.9,1241,200,0.0
0.8,1241,200,0.0
0.7,1241,200,0.0
1.0,1318,100,0.0
0.9,1318,100,0.0
1.0,1304,50,0.0
0.9,1304,50,0.0
0.8,1304,50,0.0
0.9,1339,25,0.0
0.8,1339,25,0.0
0.7,1339,25,0.0
1.0,1332,25,0.0
0.9,1332,25,0.0
1.0,1318,250,0.0
0.7,1339,250,0.0
1.0,1332,250,0.0
0.9,1332,250,0.0
0.8,1332,250,0.0
0.7,1332,250,0.0
1.0,1325,250,0.0
0.9,1325,250,0.0
0.7,1255,200,0.0
1.0,1248,200,0.0
0.9,1248,200,0.0
0.8,1248,200,0.0
1.0,1262,200,0.0
0.9,1262,200,0.0
1.0,1318,150,0.0
0.9,1430,150,0.0
1.0,1353,250,0.0
0.9,1353,250,0.0
0.8,1353,250,0.0
0.8,1325,250,0.0
0.7,1325,250,0.0
0.7,1353,250,0.0
1.0,1346,250,0.0
0.9,1346,250,0.0
0.8,1346,250,0.0
0.7,1346,250,0.0
1.0,1339,250,0.0
0.9,1304,100,0.0
0.8,1304,100,0.0
1.0,1332,100,0.0
0.9,1332,100,0.0
0.8,1332,100,0.0
0.8,1318,100,0.0
0.7,1318,100,0.0
1.0,1311,100,0.0
0.9,1311,100,0.0
0.8,1311,100,0.0
0.7,1332,100,0.0
1.0,1325,100,0.0
0.9,1325,100,0.0
0.8,1325,100,0.0
0.9,1339,250,0.0
0.8,1339,250,0.0
1.0,1325,25,0.0
0.9,1325,25,0.0
0.8,1325,25,0.0
1.0,1318,25,0.0
0.9,1318,25,0.0
0.8,1437,150,0.0
0.7,1437,150,0.0
1.0,1430,150,0.0
0.9,1374,250,0.0
0.8,1374,250,0.0
0.7,1374,250,0.0
0.9,1388,250,0.0
0.8,1318,25,0.0
1.0,1367,250,0.0
0.9,1367,250,0.0
0.8,1367,250,0.0
1.0,1360,250,0.0
0.9,1360,250,0.0
0.8,1360,250,0.0
0.7,1360,250,0.0
0.7,1311,50,0.0
0.9,1311,50,0.0
0.7,1311,100,0.0
1.0,1304,100,0.0
1.0,1381,250,0.0
0.9,1381,250,0.0
0.8,1381,250,0.0
0.7,1381,250,0.0
1.0,1374,250,0.0
1.0,1234,200,0.0
0.7,1318,150,0.0
1.0,1248,50,0.0
0.9,1248,50,0.0
0.8,1248,50,0.0
0.7,1234,200,0.0
1.0,1437,150,0.0
0.9,1437,150,0.0
0.9,1395,250,0.0
0.8,1395,250,0.0
1.0,1297,100,0.0
0.9,1297,100,0.0
0.8,1297,100,0.0
1.0,1290,100,0.0
1.0,1311,25,0.0
0.9,1311,25,0.0
0.8,1311,25,0.0
0.8,1388,250,0.0
0.7,1388,250,0.0
0.7,1304,100,0.0
1.0,1318,50,0.0
0.9,1318,50,0.0
0.8,1318,50,0.0
1.0,1311,50,0.0
0.8,1423,25,0.0
0.9,1318,150,0.0
0.8,1318,150,0.0
0.9,1346,150,0.0
1.0,1409,250,0.0
0.9,1409,250,0.0
0.8,1409,250,0.0
0.7,1409,250,0.0
1.0,1430,250,0.0
0.9,1430,250,0.0
0.8,1311,50,0.0
1.0,1402,250,0.0
0.9,1402,250,0.0
0.8,1402,250,0.0
0.7,1402,250,0.0
1.0,1395,250,0.0
0.8,1290,100,0.0
0.7,1290,100,0.0
1.0,1388,250,0.0
1.0,1416,250,0.0
0.9,1416,250,0.0
0.8,1416,250,0.0
0.7,1416,250,0.0
0.9,1332,150,0.0
0.8,1332,150,0.0
0.7,1332,150,0.0
1.0,1325,150,0.0
0.9,1325,150,0.0
0.8,1325,150,0.0
0.7,1325,150,0.0
1.0,1423,25,0.0
0.9,1423,25,0.0
0.7,1269,100,0.0
1.0,1262,100,0.0
0.8,1430,250,0.0
0.7,1430,250,0.0
1.0,1423,250,0.0
0.9,1423,250,0.0
0.8,1423,250,0.0
0.7,1423,250,0.0
1.0,1283,100,0.0
0.9,1283,100,0.0
0.8,1283,100,0.0
0.7,1283,100,0.0
1.0,1276,100,0.0
0.9,1276,100,0.0
0.8,1276,100,0.0
0.9,1290,100,0.0
1.0,1437,250,0.0
0.9,1437,250,0.0
0.8,1437,250,0.0
1.0,1248,300,0.0
0.9,1248,300,0.0
1.0,1304,25,0.0
0.9,1304,25,0.0
0.8,1304,25,0.0
1.0,1297,25,0.0
0.9,1297,25,0.0
0.8,1297,25,0.0
0.7,1297,25,0.0
0.7,1255,100,0.0
1.0,1269,100,0.0
0.9,1269,100,0.0
0.8,1269,100,0.0
0.7,1423,150,0.0
1.0,1416,150,0.0
0.9,1416,150,0.0
1.0,1325,50,0.0
0.9,1325,50,0.0
0.8,1325,50,0.0
1.0,1255,100,0.0
0.9,1255,100,0.0
0.8,1255,100,0.0
0.9,1262,100,0.0
0.8,1262,100,0.0
0.7,1262,100,0.0
1.0,1234,300,0.0
0.9,1234,300,0.0
0.8,1234,300,0.0
0.7,1234,300,0.0
0.7,1248,300,0.0
1.0,1241,300,0.0
0.9,1241,300,0.0
0.8,1241,300,0.0
0.8,1332,50,0.0
0.8,1346,150,0.0
0.7,1346,150,0.0
1.0,1339,150,0.0
0.9,1339,150,0.0
0.8,1339,150,0.0
0.7,1339,150,0.0
1.0,1395,150,0.0
0.9,1395,150,0.0
1.0,1423,150,0.0
0.9,1423,150,0.0
0.8,1423,150,0.0
0.7,1241,100,0.0
1.0,1283,300,0.0
0.7,1241,300,0.0
1.0,1290,25,0.0
0.9,1290,25,0.0
0.8,1290,25,0.0
0.7,1290,25,0.0
1.0,1255,300,0.0
0.9,1255,300,0.0
0.8,1255,300,0.0
0.7,1255,300,0.0
1.0,1269,300,0.0
0.9,1269,300,0.0
0.8,1269,300,0.0
0.7,1269,300,0.0
0.8,1248,300,0.0
1.0,1234,100,0.0
0.9,1234,100,0.0
0.8,1234,100,0.0
0.7,1234,100,0.0
1.0,1437,50,0.0
1.0,1262,300,0.0
0.9,1262,300,0.0
0.8,1262,300,0.0
0.7,1262,300,0.0
1.0,1248,100,0.0
0.9,1248,100,0.0
0.8,1248,100,0.0
0.7,1248,100,0.0
1.0,1241,100,0.0
0.9,1241,100,0.0
0.8,1241,100,0.0
1.0,1332,150,0.0
1.0,1241,50,0.0
0.9,1241,50,0.0
0.9,1290,300,0.0
0.8,1290,300,0.0
0.7,1290,300,0.0
0.8,1304,300,0.0
0.7,1304,300,0.0
0.9,1283,300,0.0
0.8,1283,300,0.0
0.7,1283,300,0.0
1.0,1276,300,0.0
0.9,1276,300,0.0
0.8,1276,300,0.0
0.7,1276,300,0.0
1.0,1430,50,0.0
1.0,1332,50,0.0
0.9,1437,50,0.0
0.8,1437,50,0.0
1.0,1297,300,0.0
0.9,1297,300,0.0
0.8,1297,300,0.0
0.7,1297,300,0.0
1.0,1290,300,0.0
0.8,1416,150,0.0
1.0,1409,150,0.0
0.9,1409,150,0.0
0.8,1430,25,0.0
1.0,1402,150,0.0
0.9,1402,150,0.0
0.8,1402,150,0.0
0.7,1402,150,0.0
0.8,1402,50,0.0
0.9,1430,50,0.0
0.8,1430,50,0.0
1.0,1423,50,0.0
1.0,1283,25,0.0
0.9,1283,25,0.0
0.8,1283,25,0.0
1.0,1276,25,0.0
0.9,1276,25,0.0
0.8,1276,25,0.0
1.0,1416,50,0.0
0.9,1416,50,0.0
1.0,1339,50,0.0
0.9,1339,50,0.0
0.8,1339,50,0.0
0.7,1339,50,0.0
1.0,1437,25,0.0
0.9,1437,25,0.0
1.0,1325,300,0.0
0.9,1325,300,0.0
0.8,1325,300,0.0
0.7,1325,300,0.0
0.8,1416,50,0.0
0.9,1332,50,0.0
0.9,1318,300,0.0
0.8,1318,300,0.0
0.7,1318,300,0.0
1.0,1311,300,0.0
0.9,1311,300,0.0
0.8,1311,300,0.0
0.7,1311,300,0.0
0.9,1402,50,0.0
1.0,1304,300,0.0
0.9,1304,300,0.0
1.0,1332,300,0.0
0.9,1332,300,0.0
0.8,1332,300,0.0
0.7,1332,300,0.0
0.8,1241,50,0.0
0.7,1241,50,0.0
1.0,1234,50,0.0
0.9,1234,50,0.0
0.8,1234,50,0.0
0.7,1234,50,0.0
1.0,1353,150,0.0
0.9,1353,150,0.0
0.8,1353,150,0.0
0.8,1395,150,0.0
0.8,1346,50,0.0
0.7,1346,50,0.0
1.0,1409,50,0.0
0.9,1409,50,0.0
0.8,1409,50,0.0
1.0,1402,50,0.0
1.0,1318,300,0.0
1.0,1269,25,0.0
0.9,1269,25,0.0
0.8,1269,25,0.0
0.7,1269,25,0.0
1.0,1262,25,0.0
0.9,1262,25,0.0
1.0,1346,300,0.0
0.9,1423,50,0.0
0.8,1423,50,0.0
0.9,1353,300,0.0
1.0,1395,50,0.0
0.9,1395,50,0.0
0.8,1395,50,0.0
1.0,1388,50,0.0
0.9,1346,300,0.0
0.8,1346,300,0.0
0.7,1346,300,0.0
1.0,1339,300,0.0
0.9,1339,300,0.0
0.7,1402,50,0.0
1.0,1353,50,0.0
0.9,1353,50,0.0
0.8,1353,50,0.0
1.0,1346,50,0.0
0.9,1346,50,0.0
0.7,1339,300,0.0
1.0,1360,300,0.0
0.9,1360,300,0.0
0.8,1360,300,0.0
0.7,1360,300,0.0
0.8,1437,25,0.0
1.0,1430,25,0.0
0.9,1430,25,0.0
0.8,1409,150,0.0
1.0,1388,150,0.0
0.9,1388,150,0.0
0.8,1388,150,0.0
1.0,1381,150,0.0
0.9,1381,150,0.0
0.8,1381,150,0.0
1.0,1353,300,0.0
0.8,1381,50,0.0
1.0,1374,50,0.0
0.9,1374,50,0.0
0.9,1388,50,0.0
0.8,1388,50,0.0
0.8,1353,300,0.0
0.7,1353,300,0.0
0.8,1262,25,0.0
1.0,1255,25,0.0
0.9,1255,25,0.0
0.8,1255,25,0.0
0.7,1255,25,0.0
1.0,1367,300,0.0
0.9,1367,300,0.0
0.8,1367,300,0.0
0.8,1339,300,0.0
1.0,1388,300,0.0
0.9,1388,300,0.0
0.8,1388,300,0.0
0.7,1388,300,0.0
1.0,1409,300,0.0
0.9,1409,300,0.0
1.0,1381,300,0.0
0.9,1381,300,0.0
0.8,1381,300,0.0
0.7,1381,300,0.0
1.0,1374,300,0.0
0.9,1374,300,0.0
0.8,1374,300,0.0
0.7,1374,300,0.0
1.0,1381,50,0.0
0.9,1381,50,0.0
0.9,1241,25,0.0
0.9,1430,300,0.0
0.8,1430,300,0.0
0.7,1430,300,0.0
1.0,1234,25,0.0
0.8,1234,25,0.0
1.0,1248,25,0.0
1.0,1374,150,0.0
0.9,1374,150,0.0
0.8,1423,300,0.0
0.7,1423,300,0.0
1.0,1416,300,0.0
0.9,1416,300,0.0
1.0,1437,300,0.0
0.8,1374,50,0.0
0.7,1374,50,0.0
0.8,1367,150,0.0
0.7,1360,50,0.0
0.9,1234,25,0.0
0.9,1437,300,0.0
0.8,1437,300,0.0
0.7,1437,300,0.0
1.0,1423,300,0.0
0.9,1423,300,0.0
0.9,1367,50,0.0
0.8,1367,50,0.0
1.0,1360,50,0.0
0.9,1360,50,0.0
0.8,1360,50,0.0
0.7,1416,300,0.0
0.8,1416,300,0.0
0.8,1241,25,0.0
